Id,AddressOfWarehouse,AgreementId,ContactPersonName,ContactPersonPhon,ContactPersonMail,StartAgreementDate
1,"50 Random Street, City 2",2,Alice Smith,+972-54-7009078,alice.smith@example.com,07/22/2024 00:00:00
2,"22 Random Street, City 2",1,Bob Johnson,+972-50-2054390,bob.johnson@example.com,06/11/2024 00:00:00
3,"55 Random Street, City 3",6,Carol Lee,+972-51-1485721,carol.lee@example.com,03/13/2024 00:00:00
4,"13 Random Street, City 4",2,David Brown,+972-53-3271180,david.brown@example.com,05/26/2024 00:00:00
5,"1 Random Street, City 1",4,Emily Davis,+972-53-7948238,emily.davis@example.com,10/10/2024 00:00:00
6,"6 Random Street, City 1",3,Frank Miller,+972-54-2001753,frank.miller@example.com,03/25/2024 00:00:00
7,"61 Random Street, City 5",3,Grace Wilson,+972-52-2176685,grace.wilson@example.com,03/05/2024 00:00:00
8,"100 Random Street, City 3",5,Henry Moore,+972-54-9686303,henry.moore@example.com,04/30/2024 00:00:00
9,"100 Random Street, City 5",4,Ivy Thomas,+972-52-7934911,ivy.thomas@example.com,11/04/2024 00:00:00
10,"22 Random Street, City 1",5,Jack White,+972-50-2907940,jack.white@example.com,08/08/2024 00:00:00
11,"64 Random Street, City 1",4,Katie Harris,+972-52-7848768,katie.harris@example.com,10/06/2024 00:00:00
12,"82 Random Street, City 2",1,Liam Young,+972-51-3960606,liam.young@example.com,11/16/2023 00:00:00
13,"8 Random Street, City 3",2,Mona Clark,+972-52-5318840,mona.clark@example.com,04/16/2024 00:00:00
14,"8 Random Street, City 5",1,Nate Walker,+972-50-7387308,nate.walker@example.com,09/23/2024 00:00:00
15,"74 Random Street, City 1",6,Olivia Allen,+972-54-8517163,olivia.allen@example.com,01/18/2024 00:00:00
16,"22 Random Street, City 3",6,Paul Lewis,+972-51-1028177,paul.lewis@example.com,12/27/2023 00:00:00
17,"14 Random Street, City 3",4,Quincy Robinson,+972-50-9506225,quincy.robinson@example.com,06/22/2024 00:00:00
18,"25 Random Street, City 5",3,Rachel King,+972-50-7803307,rachel.king@example.com,10/17/2024 00:00:00
19,"3 Random Street, City 4",6,Steve Scott,+972-51-6185316,steve.scott@example.com,05/11/2024 00:00:00
